first_name,last_name,id,P/H,P/H_Extras
Fletcher,Chantrell,25895,89.81,35.56
Jean,Mathivet,45657,52.47,79.16
Olin,Gajownik,90425,92.77,66.88
Heidie,Lyal,89767,92.88,35.13
Harmonie,Pressnell,88245,75.93,96.2
Francine,Fettiplace,54295,87.79,43.98
Pauly,Gilbanks,59531,92.22,43.08
Dana,Shugg,47589,52.41,89.56
Spencer,Robecon,38817,76.84,30.6
Candide,Ohlsen,31116,39.53,64.38
Michel,Tidmas,82831,19,26.93
Milly,Peartree,61487,77.69,67.48
Lauree,Itscowicz,56412,57.66,30.76
Stern,Allden,65455,95.4,52.12
Mandy,Garman,14184,80.1,78.96
Kristen,Jurgensen,25764,61.04,47.89
Silva,Paolotto,70405,92.46,58.94
Irene,Layborn,75677,44.67,41.4
Dyann,Kurt,26991,78.5,63.39
Tracey,Greenwell,85534,52.51,32.51
Kathrine,Shadfourth,18281,17.75,75.39
Amery,Cleaton,65881,12.37,45.59
Melantha,McCombe,43600,67.15,80.24
Diarmid,Jerok,43995,14.32,62.59
Nealy,Harriot,33717,58.06,23.69
Keelby,Burden,11253,38.5,56.59
Raven,Petch,28659,82.68,88.31
Halimeda,Davidge,82890,39.14,65.05
Lizabeth,Brant,92797,60.01,90.61
Umeko,Regan,52051,97.69,41.71
Coraline,Stroobant,77710,11.31,82.61
Janeta,Roggieri,22108,11.07,57.79
Olympia,Sammon,82269,50.96,55.04
Decca,Firebrace,70709,89.85,48.41
Jaquelin,Coumbe,87753,41.91,43.54
Maryrose,Cowperthwaite,86478,58.74,48.7
Burl,Antecki,55119,77.3,86.64
Edythe,Dymond,35035,55.47,33.9
Nicolle,McElane,30030,18.16,37.65
Annabal,Meddows,25511,34.7,38.04
Elsey,Bulbeck,46724,87.16,68.19
Braden,Reder,85439,93.71,46.81
Gwenneth,Huggens,33396,74.04,23.48
Rycca,Woolstenholmes,91387,49.79,82.33
Bernadene,Blockwell,80018,48.02,62.3
Den,Dabels,28268,64.86,49.55
Oswell,Grebbin,43970,96.05,29.65
Sean,De la croix,28567,46.47,82.12
Loralee,Housby,12766,92.97,59.24
Klarrisa,Carruth,97594,54.61,74.85
Val,Varian,26161,96.36,43.95
Jeremiah,Simmgen,52550,84.6,62.04
Scarlet,Crockford,64518,65.11,34.47
Chrissie,Portwaine,15196,41.75,46.11
Ignatius,Sedwick,18312,86.39,95.02
Tobe,Stenbridge,58618,40.88,71.75
Myer,Fishbourn,37830,10.39,83.59
Kelby,De Nisco,81164,24.72,84.79
Katha,Warlock,33726,20.13,35.25
Kari,Nouch,63304,33.35,69.22
Adrianna,Vogeller,98459,67.2,54.74
Garald,Albiston,55561,67.46,67.81
Charlene,Sabates,75417,16.92,79
Kermit,Vasyutichev,38282,70.86,23.87
Gregorius,Redfield,11719,46.31,73.2
Clarette,McLaine,85664,58.84,20.11
Tamara,Blackmoor,58347,63.92,95.14
Carmella,Kitchenman,41602,29.62,89.79
Linus,Romi,76163,42.2,84.96
Felike,Crookall,73711,19.1,39.34
Bradley,Goodanew,48896,14.08,24.7
Brittni,Shankland,95435,91.36,65.52
Lenette,Peat,34519,79.64,66.74
Evangeline,Aynold,17641,86.88,55.2
Jecho,Starrs,49660,90.92,74.82
Morena,Dacombe,12801,55.43,26.27
Dionysus,Radband,37821,49.16,61.84
Claudine,Osgood,64571,49.87,37.73
Correna,Coalburn,51273,13.45,88.84
Britt,Farney,97000,33.91,21.97
Tomas,Braunle,26458,88.06,45.56
Alane,Tressler,24184,82.67,29.18
Melisenda,Witherop,91640,94.71,83.22
Harlen,Mursell,14395,36.51,54.5
Costa,Stanbrooke,13581,87.68,57.56
Abby,Cabral,98692,71.65,63.44
Gonzalo,Maudlin,29555,71.07,98.01
Henrietta,Treswell,10474,24.19,68.67
Holly,Thomke,46158,78.24,99.45
Eustace,Tireman,34723,27.9,27.03
Fayth,Latta,74810,24.57,99.73
Denna,Tacker,44899,97.84,83.61
Nikki,Purdon,27443,86.7,46.59
Gage,Mertgen,96607,67.57,27.26
Pammi,Fewkes,64411,77.95,63.1
Nicolle,Stoll,26100,90.3,30.02
Zena,Woodger,53546,27.74,39.22
Blakelee,Forsaith,29442,27.06,90.36
Daniele,O'Hederscoll,76339,91.94,60.93
Pattie,Godwyn,16553,42.37,33.65
Eduardo,Simnett,68984,62.53,32.76
Nanete,Dieton,26479,87.44,90.37
Eolande,Sterman,98876,73.81,79.23
Darren,Blackborow,27874,92.05,72.03
Quinton,Genicke,41728,55.96,79.21
Hestia,Potier,44795,57.16,40.01
Wells,Cleland,54581,49.81,82.51
Dwayne,Jolly,98137,10.32,95.66
Ricki,Korneev,54953,44.24,57.36
Vince,Sebrook,39290,96.72,82.03
Donaugh,Trinkwon,81966,87.43,31.02
Adiana,Hearson,79436,14.01,84.87
Sherwin,Durrant,80155,56.29,19.52
Currie,Bidgood,84425,73.93,74.34
Babs,Cundey,51600,68.75,45.15
Jermain,Maharg,58228,38.03,32.73
Florina,Natalie,10409,19.4,28.22
Wiatt,Manuelli,20374,93.05,79.43
Shina,Di Claudio,80482,71.86,76.35
Imelda,Wallice,49407,22.32,69.57
Mikaela,Grube,36615,76.08,80.34
Luce,Southon,95915,28.93,80.88
Feodora,Patsall,28310,45.9,55.99
Willie,Shwalbe,57801,49.81,74.74
Ddene,Kinworthy,33210,41.85,81.84
Rebeca,Stickins,78563,46.36,53.61
Shina,Skough,67624,97.63,72.26
Beitris,Dench,47203,66.3,50.6
Letti,Hinsch,46338,27.35,56.74
Bailey,Oxberry,16310,96.39,23.05
Carling,Murfett,21222,34.05,79.86
Geralda,Sudran,54680,70.04,32.35
Kakalina,Leahey,64224,53.73,89.48
Gleda,Eayres,27758,36.03,64.56
Karyn,Fluck,56838,23.77,82.72
Leupold,Ferrettino,75781,30.9,80.55
Filia,Lennox,67702,42.93,37.63
Koralle,Akehurst,57931,43.17,96.32
Ermina,Cappell,66317,20.36,43.01
Brannon,Adlam,22529,39.63,41.95
Harriette,Codd,31532,28.18,26.37
Inigo,Bannister,43849,73.95,21.7
Sabina,Girard,27432,86.92,66.39
Eal,Kiraly,40113,44.25,58.45
Felecia,Ecclestone,27322,89.78,35.12
Nealon,McClymont,34647,63.61,24.74
Yulma,Fosdyke,44188,27.49,79.69
Lettie,Alelsandrowicz,25070,67.81,20.73
Abbot,Widdows,52903,81.02,60.71
Latia,Bowick,68581,47.24,71.81
Burch,Goch,28233,25.89,42.32
Mady,Dye,67623,91.48,20.68
Euell,Djurkovic,61672,74.53,82.46
Pablo,Cosens,32297,82.29,68.58
Denys,Rosenberg,13151,46.44,70.4
Correy,Teaser,37790,36.33,70.95
Cati,Rengger,30273,20.57,41.01
Jefferey,Gimblet,19603,76.37,19.21
Rutter,Dunkerly,74173,17.11,42.18
Augustine,Lghan,55830,63.68,89.42
Gilligan,Dreus,53700,88.27,65.24
Nerte,Gever,87724,55.98,97.16
Aggie,Letterese,26698,69.58,96.59
Lola,Daniels,61294,89.86,89.86
Tyrus,Angier,30447,42.17,77.97
Sindee,Orrett,34873,24.19,77.84
Ivy,Lemmertz,96298,20.99,58.54
Tybalt,Trevithick,64034,80.83,26.38
Buddy,Pauel,57409,98.54,75.54
Cary,Tolworthie,61619,17.89,52.34
Marjory,Dran,10000,82.43,43.42
Ivory,Pickup,64893,96.16,63.76
Paige,Stather,46895,83.63,87.31
Lorne,Fackrell,86225,43.79,20.81
Callean,Rosa,57552,63.99,45.46
Pamella,Raleston,79107,38.85,42.85
Alvy,Redford,55330,63.29,37.89
Thekla,Castanho,82525,23,61.39
Bren,Clac,33255,95.57,51.95
Vivienne,Grzegorzewicz,80383,33.3,77.93
Billi,Stoneham,34687,25.46,92.54
Arlana,Howett,53380,59.92,21.14
Lionello,Ebbens,92264,40.98,69.19
Juliet,Thompkins,93646,44.71,33.01
Peri,Redfield,16850,39.79,87.56
Deb,Ingliby,53055,93.72,65.84
Farlee,De Hoogh,76986,42.21,77.89
Blaine,Loney,89745,79.36,52.39
Ivory,Foker,45891,75.15,29.94
Derron,Ivett,87092,97.24,70.95
Greta,Portinari,29604,35.99,35.85
Danita,Willmot,65392,45.35,44
Gwenni,Polsin,76405,74.07,55.93
Joeann,O'Deegan,26698,12.48,26.49
Lucius,Burniston,70625,92.17,78.18
Thaddus,Couronne,49663,39.58,88.52
Cherida,Edginton,26956,21.06,98.58
Art,Behneke,54915,62.11,35.31
Feodora,Clewlowe,57789,70.61,31.41
Vladamir,Scriviner,38303,26.56,80.38
Viviana,Davidowich,62719,89.31,97.42
Allyn,Coggill,75768,20.49,46.66
Elise,Tommeo,79054,75.91,33.34
Kari,Kobel,53754,42.89,26.51
Carlyle,Dupoy,60919,18.35,69.1
Simmonds,Fairs,14968,84.87,93.46
Sloan,Pashbee,66082,10.11,58.27
Tally,Braams,40400,38.18,89.87
Sukey,Brommage,61063,58.86,73.37
Elayne,Hamblen,48723,42.67,70.19
Dyana,Goady,47494,27.33,99.87
Tarrah,Twitchings,61862,89.13,45.71
Lindon,Mytton,96900,70.15,94.65
Moses,Bartle,13605,76.04,73.66
Gerianne,Cheal,72846,73.38,96.07
Jerrine,Marchington,18776,25.94,72.36
Garnet,Limming,42163,95.26,39.06
Felice,Decent,93982,96.2,82.03
Gabriel,Seabert,63706,84.55,45.92
Barnie,Petyt,28373,82.48,58.03
Shae,Jenny,52226,45.95,83.78
Minnnie,Tabord,19519,55.19,37.37
Carlee,Meaders,71128,29.47,44.72
Sanders,Hadlington,42809,55.87,74.05
Gabby,Sarginson,32205,19.47,48.85
Harris,Henricsson,51351,74.48,33.96
Jeddy,Milillo,70008,81.5,23.05
Floris,Loweth,24829,45.04,45.09
Loni,Rummin,32190,37.55,41.01
Casper,Edgington,73795,41.91,99.26
Basilio,Kleinholz,18085,39.81,76.78
Doyle,Sheardown,20961,23.13,91.85
Mela,Kruschov,72243,88.08,26.82
Maitilde,Really,15873,81.19,26.23
Marlena,Blissitt,79682,28.91,49.53
Sile,Ganing,77731,57.86,91.98
Constance,Quarry,83268,79.3,76.43
Dermot,Broom,71784,33.84,45.24
Jude,Orgill,91006,16.64,52.73
Maighdiln,Niess,43931,73.76,51.28
Carlyle,Kinnier,98659,25.99,20.32
Dedra,Benditt,88354,80.83,81.83
Domingo,Kembrey,98871,95.1,48.78
Aubry,Birtwistle,40451,81.24,33.81
Gerianna,Donnachie,52828,96.37,57.43
Hyacintha,Gargett,40773,39.66,81.99
Pedro,Beardsall,72020,87.51,43.48
Olwen,Toone,79310,86.72,29.39
Clement,Whelband,48895,28.94,20.39
Shelton,Nana,61159,53.57,23.45
Anastasie,Jouen,51861,42.92,38.23
Kassi,Arnason,51776,39.21,81.85
Smith,O'Loinn,93752,37.02,54.78
Kellby,Sprade,79273,90.79,71.26
Jolene,Buckles,63751,38.08,33.36
Sharline,Colliford,86830,71.82,89.49
Pace,Breedy,54559,74.74,71.23
Denyse,Patterson,58829,70.98,78.77
Gabbie,Ollington,46555,78.48,19.25
Lloyd,Kuhle,33174,95.47,80.44
Patricio,Livingstone,28732,95.12,66.39
Sherie,Manley,11287,36.35,19.3
Rubetta,Dedham,91777,96.3,65.23
Godiva,Zecchii,36921,30.26,26.51
Susy,Loftie,66469,89.44,34.94
Mirilla,Farfolomeev,86946,94.38,24.89
Diana,Hannum,45622,45.65,59.51
Myriam,Neicho,53306,77.1,60.85
Maris,Tomaszewski,59752,26.45,70.5
Justin,Godbold,48931,18.81,69.63
Sharla,Sterzaker,95241,68.87,90.41
Alexandra,O'Teague,77983,59.82,46.08
Reeva,Killgus,74124,37.53,63.29
Christian,Theobald,84225,15.03,30.98
Parsifal,Jimmes,33997,29.01,68.84
Storm,Linford,58012,57.85,37.92
Stavros,Driutti,34206,98.12,42.55
Courtney,Sloam,69608,14.09,85.62
Marylee,Caught,74843,15.36,50.99
Thomasa,Cuddehay,86962,94.44,64.24
Amalita,Abbets,50942,25.26,72.43
Vanny,Letham,36557,36.82,58.68
Rowen,Merryman,85467,73.21,71.14
Bank,Kment,91146,96.43,81.14
Angelico,Lasham,10120,25.82,49.46
Dorothea,Mahaddie,59814,16.74,56.31
Claudio,Wreath,39732,52.92,20.12
Rhody,Farreil,82739,33.04,77.76
Farrand,Withnall,86711,43.28,91.65
Wernher,Blackbrough,31104,41.82,78.85
Corby,Jeannaud,71219,81.8,99.42
Siouxie,Misk,60139,59.98,56.26
Derrik,Tilbrook,81932,80.67,52.02
Gearalt,Fosken,31779,65.92,75.89
Ronda,Mathew,64587,28.17,21.97
Franni,Courteney,65786,53.87,52.02
Robinia,Lancastle,16986,92.3,80.02
Electra,Haborn,86380,80.48,60.16
Henka,Bott,56860,36.64,50.95
Roxane,Hallwood,26625,49.32,43.91
Sidoney,Jestico,48789,64.08,34.26
Redford,Lascell,55268,58.28,54.41
Aryn,Weetch,43699,30.73,53.77
Michaeline,Luffman,38832,21.38,27.89
Amara,Hodge,92473,94.84,45.52
Jacynth,Tanton,83514,96.27,85.83
Pincas,Lumsdon,67122,35.32,72.05
Dinah,Haydn,99647,88.1,24.52
Ricard,Davsley,63792,79.93,98.94
Nanni,Kays,18382,64.36,26.85
Windham,Ivanyushin,23092,87.66,89.38
Carri,Aysh,14476,38.97,78.05
Madel,Westhofer,25581,29.14,59.33
Roselle,Cantle,91647,21.37,20.89
Cointon,Altimas,65786,62.18,27.45
Callean,Duerden,57471,79.65,62.84
Farly,Durrad,64268,37.3,60.67
Mackenzie,Weippert,90518,89.87,62.2
Gabi,Menco,25253,61.2,84.14
Alfredo,Maguire,45846,21,28.13
Normand,Mold,35603,20.07,55.5
Inga,Arunowicz,43012,44.83,72.14
Charlena,Haruard,52322,43.55,54.05
Kikelia,Woodham,36829,33.48,70.72
Celie,Gregan,11637,67.67,48.01
Pauli,Fullom,31366,92.33,60.53
Lenci,Pavlata,15890,19.09,53.41
Kenyon,Ollander,12879,34.08,57
Lolita,Leech,42295,54.78,30.67
Shell,Prigg,58556,53.6,77.67
Paule,Tunnick,94567,78.81,93.92
Mandie,Gillet,98087,69.93,25.25
Bambie,Wilbud,89266,95.77,86.04
Evangelia,Ridewood,56216,43.88,67.01
Casie,Shoulders,19392,31.54,61.99
Celina,Hundley,48639,36.01,91.98
Woody,Dommersen,98875,85.7,62.6
Hollyanne,Kerton,30737,79.34,48.85
Letitia,Southworth,24132,49.19,31.68
Maureene,Saunier,79890,91.35,32.5
Serena,Wenderoth,59623,69.17,21.43
Seth,Levensky,80625,26.4,84.66
Douglass,Stout,87193,60.99,32.67
Terri,Chasemore,96041,63.72,34.19
Jerald,Efford,31850,49.73,47.51
Gibb,Mate,22468,36.23,42.54
Araldo,O'Callaghan,91282,30.55,28.75
Addi,Trubshawe,61349,56.25,66.98
Karylin,Slarke,49812,92.45,85.77
Jo,Kinchington,63014,90.69,50.91
Cad,Screaton,78813,11.99,94.37
Johann,Pascoe,42532,50.51,24.95
Beck,Bousler,70632,36.37,32.23
Sadye,MacSherry,59826,19.71,33.95
Dareen,Springate,89832,37.79,71.79
Janenna,Ashworth,47089,37.32,21.96
Dion,Proby,92606,57.74,95.01
Hy,Hurlestone,53961,51.61,20.45
Skippy,Delucia,86067,55.72,36.05
Gretel,Tynan,56962,73.37,94.09
Marylin,Leport,85743,35.76,31.9
Rickey,Branscombe,32148,22.47,71.53
Joelly,Disdel,42764,27.93,73.35
Burt,Mitchener,56493,90.94,67.05
Derron,Wife,57705,24.37,97.16
Andria,Borrington,39507,24.7,40.12
Aloise,Deason,18692,86.25,66.19
Berk,Corneille,47700,82.01,59.16
Netta,Archbutt,86491,94.81,80.37
Brenn,Slorach,82084,93.6,68.35
Artair,Gonneau,92946,69.4,34.29
Aksel,Van Merwe,84240,54.29,94.49
Orlan,Hacquoil,10690,50.69,72.76
Helga,Lenard,97487,74.78,20.75
Karola,Ridgedell,27928,61.83,55.37
Toiboid,Ullock,63733,21.53,33.71
Giorgio,Giacomazzo,61832,69.2,72.55
Theresina,Gilffilland,95553,93.93,99.99
Waldemar,Heliar,45603,25.86,52.73
Cord,Rudham,22007,87.36,63.05
Ellette,Waby,74290,88.06,99.66
Cloe,Elsay,14376,21.24,77.92
Arty,Dawes,85401,26.73,61.35
Liesa,Brunke,39872,93.6,85.9
Demetra,McPhaden,55386,34.93,75.23
Dov,Paffitt,24745,28.1,76.12
Ara,Farington,66219,28.09,58.41
Regina,Barwick,48647,59.3,79.64
Florie,Vickerman,48294,68.51,20.77
Dahlia,Harrow,90046,51.66,25.52
Annmarie,Baskwell,67067,77.54,36.78
Crosby,Benion,63492,44.32,21.66
Killy,Petracci,27239,65.62,52.74
Brendis,Trevillion,37055,86.38,72.36
Leandra,Tarbatt,52809,64.35,62.59
Charil,Leithgoe,40704,32.32,24.16
Colleen,Stokoe,37207,79.23,75.67
Rhona,Clemmitt,92886,44.05,70.51
Caryn,Scala,12846,12.46,97.76
Lotta,Featherston,18531,63.27,29.17
Corabel,Pearlman,12964,21.69,74.99
Brenden,MacLeese,72241,31.27,42.14
Tildy,Mudle,14677,62.66,31.69
Camella,Weafer,54810,56.31,48.75
Micheline,McNerlin,16533,43.52,27.73
Bendicty,Goakes,49108,17.44,73.05
Dana,Stanyer,92395,43.57,76.86
Ardis,Taber,74445,24.38,77.94
Christalle,Bottrill,73427,95.61,77.21
Wells,Hendrichs,38072,24.09,46.68
Lenora,Birney,81554,89.16,66.05
Jilli,Waind,83655,67.01,46.89
Brunhilde,Corthes,76182,23.73,43.6
Gun,Matteucci,82867,95.79,78.03
Jesse,Cordner,97540,35.07,66.69
Judi,Turri,62838,92.36,25.98
Shoshanna,Janos,94310,73.71,86.2
Clare,Borham,19154,18.92,75.96
Lacee,Chippindale,34389,77.6,68.74
Gladys,Attwoull,77344,89.19,24.29
Flory,Devany,63888,38.35,36.46
Antonie,Willoway,92064,29.79,77.92
Rickard,Struthers,56259,52.96,35.42
Sutherlan,McNeilley,14702,52.02,56.19
Karlens,Kits,64338,23.99,69.08
Dusty,Artharg,84929,43.04,28.92
Jack,Covolini,41625,56.9,23.34
Renaud,Bendtsen,55195,81.04,80.51
Aurilia,Whiston,16493,91.37,28.83
Garner,Paszak,74592,47,52.56
Mirilla,Boag,77682,24.88,20.55
Timofei,Kubik,63720,43.02,51.02
Lilias,Esley,81461,34.27,34.01
Jodie,Wilkenson,23697,37.06,30.49
Gray,Rosoni,91337,23.78,36.26
Willis,Jiras,24354,45.8,21.82
Bearnard,Emerton,27096,37.21,75.88
Clarine,Holdforth,94663,57.9,49.3
Welsh,Jullian,68386,77.41,45.75
Annadiana,Mulford,58985,22.27,87.51
Lucienne,Kaming,97683,38.66,93.65
Daphene,Darragon,92237,28.94,67.62
Crichton,Brecknall,23994,54.73,49.1
Brandais,California,23928,90.98,57.25
Terrence,Pomeroy,46388,53.77,41.92
Gaby,Caughtry,67396,83.79,61.07
Toni,Gianilli,55150,73.69,20.91
Anton,Critchley,79833,96.13,94.56
Janifer,Dosedale,31938,19.56,20.24
Terra,Jiranek,38521,97.75,78.38
Lemmie,Brackley,69013,92.98,41.88
Benni,Hateley,96995,61.07,39.26
Edithe,Ottam,87325,45.67,80.86
Melantha,Grennan,32329,56.38,94.12
Elroy,Robardley,22878,59.64,33.17
Stephannie,Shirer,30551,21.68,67.24
Kile,Stegers,99778,92.14,47.41
Markos,Bawme,35869,13.15,56.7
Malcolm,Astle,93185,38.5,51.7
Estella,Hendin,79942,45.17,81.12
Ileana,Lages,40753,52.9,76.77
Byron,O'Flaherty,10311,91.17,80.38
Onida,Lax,27105,49.65,52.99
Lelia,Meecher,98852,87.64,91.58
Gayler,Durdy,37228,53.29,86.57
Gery,Peacock,12042,23.34,68.41
Shepard,Enoch,71855,54.73,50.48
Kenny,Leidl,41934,13.12,81.2
Trix,Spight,22505,85.69,19.14
Brooks,Jaher,54973,67.47,42.57
Sukey,D'Aulby,15258,15.07,47.8
Armand,Wainer,59392,24.69,30.6
Rodrick,Yarmouth,56442,50.42,86.44
Edlin,Mapston,43691,72.83,66.45
Christean,McIntosh,46982,22.57,62.25
Otto,Larvent,43310,83.21,49.79
Lek,Beadell,94340,97.74,61.86
Ramsey,Robben,79246,11,25.15
Micky,Philippeaux,89114,71.15,49.43
Magdalena,Heckney,42452,96.34,48.75
Fredra,Winstanley,87390,97.48,50.2
Loralie,Tringham,99140,51.06,63.33
Randene,Rains,44213,30.69,55.47
Gearard,McGrill,33906,60.67,23.71
Saba,Hillaby,37495,59.89,79.46
Xenia,Turfin,93442,69.6,62.46
Coraline,Pimme,90057,11.26,92.93
Quinlan,McKeney,99003,79.71,50.48
Demetria,Cawtheray,15884,76.5,85.8
Giovanna,McConnachie,71007,61.84,51
Gideon,Cottill,54097,62.24,64.19
Dael,Earey,59595,39.83,82.66
Harlie,Langer,30143,98.75,42.01
Kinsley,Swigger,57528,57.72,88.61
Alis,Turfs,81758,56.68,93.89
Martynne,Bussey,32822,75.41,26.47
Lynn,Lammert,10286,91.56,64.91
Matthew,Kerswell,30842,82.21,56.55
Diane-marie,Lusher,69541,65.34,49.11
Clarette,Burel,57790,50.29,83.4
Kore,Matonin,97216,78.61,68.65
Currey,De Clairmont,88472,78.43,96.25
Teirtza,Gabbatt,36726,76.8,73.06
Marty,Botright,71830,22.25,63.34
Grange,Esmead,91577,66.14,71.21
Irita,Matzeitis,88823,16.11,78.79
Ricca,Steinham,58835,83.78,27.12
Maryjo,Usherwood,42786,30.97,88.62
Ernest,Udell,85737,29.75,36.13
Emanuele,Panchin,35233,73.86,90.35
Mata,Bertouloume,58655,28.65,19.51
Cleo,Ismirnioglou,97988,44.44,47.86
Sydney,Loughlan,33847,12.2,82.78
Leontine,McCarver,53494,67.68,21.45
Kirsten,Gaddes,86254,93.34,42.49
Suzi,Polleye,86245,25.25,41.83
Heddie,Williamson,33049,90.06,93.48
Herrick,Blundell,40555,91.81,99.82
Scarface,Tankin,99840,69.1,25.19
Staffard,Belderson,74708,75.94,96.67
Riva,Euplate,47385,89.97,48.19
Heloise,Manifould,77398,36,60.63
Antin,Gartery,72248,81.61,98.05
Lin,Kardos,58709,30.75,31.2
Philis,Stillmann,81889,44.37,41.39
Ellynn,Skipsey,17653,21.36,57.84
Toiboid,Niblock,14195,70.11,87.87
Selby,Mayman,89212,20.27,60.28
Francene,Capponeer,90558,75.17,57.33
Ricky,Freebury,88123,17.79,31.92
Wynne,Orhtmann,65419,20.07,54.3
Bruce,McCudden,62015,41.84,30.1
Milt,Kepp,77846,91.1,72.28
Gianna,Scogin,56567,35.65,72.43
Stephine,McCaughey,25152,55.28,53.16
Frans,Bruggen,73755,85,42.66
Lynn,Lammas,78778,28.1,69.49
Quintin,Serrell,47186,17.4,23.13
Evangelin,Merryman,36731,26.77,80
Kyrstin,Prew,43344,22.03,66.17
Kasey,Lamanby,89868,12.09,52.33
Keary,Parmby,20360,15.49,42.21
Nicolette,Gillatt,29568,31.87,72.34
Julius,Turmel,71057,35.04,94.95
Gwynne,Moulson,24501,12.01,87.99
Arlin,Frankcomb,19644,89.44,27.01
Friedrick,McKenzie,80660,73.04,89.05
Elvis,Diperaus,28372,11.72,52.9
Olia,Woolmington,54146,17.66,66.99
Flor,Di Carlo,98017,24,75.36
Hillery,Giannassi,30171,88.53,44.22
Reynolds,Shingfield,44547,64.1,22.93
Laraine,Younie,28906,24.22,22.52
Rosemary,Stockwell,47327,33.9,54.1
Kirby,Coton,40136,21.45,65.71
Durand,Pollack,36946,35.43,38.91
Gabe,Ortiger,37044,23.9,68.76
Moe,Pietersen,41022,55.04,81.58
Wadsworth,Dargue,80580,42.95,50.83
Yvon,Faughnan,21172,16.01,34.47
Randal,Haryngton,70133,44.46,24.77
Gates,Daughton,76336,74.63,99.6
Elka,Peplay,94616,53.64,43.47
Edgard,Franzotto,72507,19.56,87.34
Neala,Birchner,51038,35.22,34.64
Vanni,Binnie,49421,91.7,73
Janine,Letterick,18841,10.97,19.81
Chrysler,Febre,13852,97.67,55.67
Cathyleen,Brayn,45761,49.19,49.39
Ingar,Rupel,23955,19.98,86.48
Benton,Broseman,56305,79.65,74.02
Fawne,Clewlow,46762,32.18,23.49
Lucio,Massie,77936,14.01,94.6
Magdalene,Shelmerdine,42078,88.28,22.32
Helge,Doul,39505,68.23,96.75
Reeta,Leivers,67512,61.92,81.64
Inger,Oene,35976,45.03,81.99
Iona,Garlinge,90385,66.24,76.6
Madalyn,Headrick,10210,64.08,86.05
Caren,Vaskov,37084,53.02,30.28
Emilee,Rillstone,93391,79.69,53.1
Lana,Fist,65562,93.35,31.55
Arch,MacInnes,74419,69.07,45.97
Cordey,Darbishire,41668,45.97,28.99
Bert,Darington,81415,43.37,49.41
Selestina,Bedbury,72273,69.01,24.29
Pietro,Horsey,95614,92.92,33.58
Charyl,Bolland,61624,60.74,71.76
Christoffer,Dunlop,59514,11.58,55.83
Aube,Jacquemy,61786,85.11,91.27
Kristoforo,Strippel,95084,23.74,49.5
Arden,McGooch,10273,89.23,36.2
Jordon,Andreone,67521,56.01,37.58
Maisey,Soares,68956,53.11,87.8
Bartolomeo,Gilroy,14233,49.71,92.73
Eirena,Karlsen,12564,89.54,96.44
Karmen,Standring,23823,90.18,19.09
Kirstin,Piell,60558,21.12,94.77
Darren,Jorge,26563,51.02,44.83
Bernhard,Roubottom,77788,42.95,58.55
Ginni,Casson,25479,14.3,30.48
Rosanna,Eccersley,12331,67.7,29.51
Portie,Harme,18562,68.43,91.01
Georgiana,Dance,15983,32.11,38.12
Koren,Roblett,77546,87.94,20.3
Ryley,Jesper,15485,59.75,51
Delbert,Streeton,85746,44.76,64.79
Tuckie,Hesbrook,58110,45.08,59.77
Immanuel,Woolaston,43530,11.54,55.37
Thorn,Karby,47930,46.06,22.34
Goddard,Friett,87022,41.59,30.01
Carmina,Gilliard,24510,91.47,64.33
Rolfe,Bowskill,65451,88.16,97.43
Pamela,Sitch,25694,79.24,98.3
Christa,Pierrepoint,73244,44.14,42.17
Daloris,De Vaar,21566,68.68,74.66
April,Pizer,43287,43.39,86.56
Nevil,Bushnell,57947,71.21,77.42
Katrine,Polo,11739,34.83,32.64
Helaine,Whitley,62046,33.23,49.82
Edie,Neilus,12306,40,61.52
Estele,Lyst,83806,83.61,31.42
Shanan,Oldaker,98077,40.66,75.51
Clio,Casel,95987,92.5,51.81
Felic,Assiratti,49303,17.79,56.72
Grata,Dutch,78467,68.57,77.97
Jory,Haggerstone,52656,73.66,80.12
Donny,Godfroy,71834,22.12,96.83
Piggy,Hurle,65765,56.36,59.99
Adey,McCague,64798,20.68,77.7
Brnaby,Barnwille,43390,16.5,59.75
Stavros,St. Clair,79662,37.76,87.55
Annora,Trustey,48144,73.13,56.54
Bernhard,Islep,44642,11.2,25.98
Craggy,Halden,22300,47.16,88.6
Konstantine,Sinderson,63126,32.03,39.82
Atalanta,Hasley,41767,84.94,79.06
Trevar,Watmough,49131,63.85,49.91
Elka,Tapsell,45720,13.32,41.78
Tobye,Corneil,45245,76.01,75.34
Nappie,Dignam,62709,38.59,42.34
Mel,Vorley,73455,24.92,43.8
Isaac,Iremonger,24405,45.48,26.79
Dina,Favey,95949,41.6,77.17
Analiese,Foddy,68696,45.23,83.47
Gonzalo,O'Fergus,69662,36.27,80.72
Donny,Colecrough,41581,61.45,22.3
Kirsti,Bartkiewicz,10749,69.21,78.06
Marji,Hrihorovich,58176,64.83,62.07
Adena,Yell,23330,88.6,85.39
Susanetta,Greschik,43689,71.71,97.52
Winny,Botler,51881,73.51,77.52
Sheelah,Stiling,78219,60.43,59.35
Bekki,Hollerin,98713,63.85,88.73
Josselyn,Corro,89522,22.86,65.5
Gracia,Oxtaby,26932,85.76,69.14
Abbe,Santer,10896,60.83,78.2
Kendall,Marke,64883,47.67,70.96
Bert,Devereu,36645,71.38,25.68
Shannah,Milson,53840,33.14,26.01
Hansiain,Tommeo,28506,37.71,59.04
Farlie,Whitty,45640,55.26,72.13
Trixie,Burrus,33687,22.51,45.28
Bobine,Mainson,10726,80.38,81.14
Tobey,Crewes,55869,52.27,82.05
Milissent,Marini,46380,62.4,80.01
Dion,Squire,39368,12.16,92.43
Beatriz,Hammerich,72288,30.28,73.92
Clemmie,Oxtoby,39658,80.9,66.54
Lilli,Grimbleby,73955,78.56,28.26
Kingsley,Doerling,31597,96.55,29.94
Chadd,Willmont,31391,38.89,44.72
Svend,Hallford,47061,24.64,68.32
Jobey,Conrath,17065,68.28,39
Balduin,Sibyllina,54903,24.8,85.16
Pru,Zanardii,57258,99.98,86.03
Kellia,Ayers,43400,35.11,27.29
Donelle,Tant,52706,13.28,53.56
Nariko,Easterby,62940,28.61,77.82
Morganne,Howes,89540,41.92,58.47
Godart,Claussen,88520,28.07,70.86
Brigham,Hughes,74036,92.86,89.64
Johanna,Lambard,39629,22.11,22.61
Dedra,Garn,12935,93.5,36.14
Chilton,Gofforth,62401,89.7,74.41
Lotta,Ridgers,61458,36.86,88.57
Ambrosio,Varley,57310,80.89,80.28
Orren,Filshin,22222,50.75,70.84
Camile,Firpo,72039,99.39,87.12
Mozes,Ziemecki,54220,25.73,47.94
Lydie,Rodders,72455,96.8,70
Case,Dance,72747,39.13,48.26
Gan,Folliott,88814,62.04,87.95
Belita,Heindl,18361,89.72,65.78
Cherri,Round,93906,36.22,57.59
Gelya,Dalgarno,87522,31.13,36.61
Rheta,Cawthron,54783,90.96,36.32
Othilie,Eddleston,16618,70.92,61.25
Cesaro,Del Checolo,93631,37.98,82.91
Sherye,Dunphie,80333,88.63,88.78
Petra,Scay,59561,55.39,38.27
Manon,Vicarey,11347,15.1,89.8
Dannie,Jory,87254,86.02,46.2
Robinet,Aggiss,27365,23.48,52.08
Eilis,Keeffe,83798,83.37,41.43
Maxie,Bullers,58099,38.45,60.89
Trixie,Gallear,29424,75.47,90.79
Piper,Selwin,57632,56.82,41.9
Edi,Melan,97610,49.01,23.49
Madelene,Hamerton,75726,54.59,47.61
Lindy,Botham,24169,20.19,31.73
Koressa,Rickardsson,65986,38.75,37.49
Grange,Rumford,96001,54.2,66.69
Kimberlee,Faucherand,66298,39.9,33.36
Dre,Fuke,85303,99.52,52.32
Abbe,Blannin,72613,79.48,22.64
Michelle,Roskams,26893,98.38,32.33
Calley,Gerber,83952,57.95,41.65
Isac,Ritmeyer,85341,41.14,21.66
Hugues,Primmer,96881,64.74,89.73
Thia,Holworth,80379,70.65,57.66
Filide,Barnet,26895,47.61,54.46
Camila,Cholomin,17245,58.62,73.68
Darb,Haymes,13136,23.54,25.99
Rose,Battram,75215,26.2,34.21
Cristi,Cowing,70564,44.09,26.55
Peter,Mocker,96117,84.54,55.18
Cort,Learman,31360,62.23,93.92
Celestina,Adame,22716,99.17,30.8
Frederich,Gilberthorpe,45210,94.32,39.2
Modesta,Amiable,34650,82.24,40.78
Chelsea,Haeslier,94159,59.31,57.56
Fernando,Robison,96985,93.45,82.81
Franny,Berkley,50317,72.12,93.8
Pippa,Kellart,35997,98.8,53.88
Abramo,Theseira,52154,87.14,69.13
Quintin,Dungee,78223,57.47,54.62
August,Middlehurst,62210,83.54,50.91
Prent,Bannister,51787,55.87,20.03
Robinia,Overil,46540,49.55,24.77
Nicolle,Kilfeder,40106,21.58,59.4
Carey,Kelemen,43704,20.29,76.9
Karl,Kiefer,97859,70.68,21.1
Jabez,Vittore,67158,85.56,77.56
Helena,Penbarthy,56813,53.1,94.1
Melvyn,Normand,23548,96.47,77.33
Daffie,Adamo,58597,84.94,42.52
Sharla,Sweett,52004,43.88,50.87
Ivar,Berrie,48336,89.75,67.69
Farrel,Haresnape,20830,92.05,78.86
Clint,Scotchmer,61480,34.83,55
Margy,Sinnocke,43456,36.22,69.76
Jedediah,Bolt,29062,46.59,43
Blayne,Baggiani,40338,34.78,24.89
Skipp,McKinney,79407,31.27,89.62
Naomi,Huby,98630,76.2,81.53
Leelah,Jerok,95867,43.11,83.98
Brendon,Kerr,57895,48.28,66.22
Carolann,Duer,50796,88.22,60.95
Vern,McHan,65247,38.34,84.13
Rickie,Shingfield,57131,53.35,67.62
Cilka,O' Cuolahan,88832,76.38,55.81
Byran,Haywood,43479,76.36,67.5
Courtney,Penner,57025,75.5,40.48
Rebe,Treadger,85199,79.34,95.86
Rockie,Inker,47250,48.06,84.22
Yanaton,Parbrook,57385,45.1,40.62
Irvine,Varty,49504,60.94,77.96
Chauncey,Loads,43004,68,85.94
Melina,Cowans,75238,60.47,68.56
Cary,VanBrugh,52029,23.64,72.09
Odella,Station,69368,89.93,38.72
Hendrik,Eschalette,31802,56.12,32.28
Marla,Mortimer,87166,63.76,60.25
Evangeline,Youde,32395,98.25,79.69
Parker,Vant,95740,27.81,73.96
Bernard,O'Rudden,67848,72.84,82.42
Celia,Wealleans,58879,43.98,34.01
Gusella,Gabits,63435,96.44,25.06
Dolley,Curds,25394,41.37,74.79
Chadd,Gornal,85522,78.76,87.88
Salli,Elks,89772,89.37,84.79
Katherine,Newby,47837,12.31,66.64
Emanuel,Bolletti,50088,56.02,61.82
Ibby,McEvay,33692,18.63,37.59
Shamus,Dorre,98061,95.98,65.28
Craggy,Kinlock,56841,99.15,72.71
Milton,Insall,64351,10.77,65.53
Horton,Sleite,69211,65.15,74.53
Barnebas,Naismith,13949,22.23,93.14
Aleksandr,Blaber,53819,99.91,68.26
Valentia,Haselhurst,79025,11.17,94.36
Rachele,Mc Cahey,88184,44.99,43.45
Louisette,Purves,76767,60.53,65.78
Charlie,Dury,19814,27.97,96.2
Buckie,Axtell,71685,83.7,48.4
Neddy,Matthius,87744,90.68,77.74
Margarette,Achrameev,21832,45.78,92.8
Giles,Firminger,40220,49.48,60.09
Harcourt,Tofanelli,79122,69.49,50.82
Free,Raffon,70605,89.04,75.61
Cristionna,Adrien,24659,12.56,25.13
Janeta,Dowdney,82649,42.21,33.62
Meryl,Flawith,29346,14.28,94.79
Harper,Garrod,70538,95.03,28.81
Mikaela,Lempenny,16473,82.56,26.98
Cully,Aronson,29902,34.74,73.45
Marnie,Reuben,49431,49.99,78.26
Valida,Cauthra,68843,10.58,89.3
Whitby,Kirgan,20968,50.6,54.11
Aura,Pomfrey,47406,90.46,59.02
Ottilie,Fellona,40445,78.28,55.77
Delia,Bulch,78003,36.38,69.14
Basile,Mifflin,69331,58.62,91.34
Karlotta,Grassi,56834,68.3,91.75
Larissa,Normandale,88928,46.37,90.81
Lucky,McGifford,86453,24.77,67.46
Nerte,Shotboult,15412,60.4,27.43
Hayyim,Blaw,83468,43.2,84.6
Heida,Robbins,71048,90.85,30.71
Jabez,O'Devey,84550,82.5,88.03
Dallas,Vella,29273,80.51,28.11
Price,Randerson,97970,19.69,58.92
Sonya,Giberd,74389,50.6,62.46
Annabell,Beggan,15083,77.47,30
Ximenes,Accombe,72777,83.35,80.06
Mikey,Burberye,22013,12.49,66.55
Jenica,Harmour,94746,38.83,50.94
Gwen,Rapinett,91350,72.46,57.68
Adaline,Dunlop,45118,30.75,88.58
Pyotr,Senecaut,92363,52.7,29.62
Rikki,Khrishtafovich,54304,53.31,53.27
Goldia,Hubbocks,21106,85.56,53.02
Matthew,Munday,66539,48.63,23.54
Merrile,Pollicott,51918,50.7,66.25
Billy,Di Nisco,84793,73.24,79.25
Milka,Gehringer,12920,25.39,22.95
Sly,Greed,12333,71.75,86.88
Sasha,Flegg,69147,19.49,98.5
Ethelred,Lusk,48801,36.61,26.72
Tresa,Sawfoot,37221,45.4,20.25
Sibylla,Noor,25301,56.82,68.56
Val,Kitchener,67000,27.48,88.11
Kali,Umbers,53395,88.48,22.56
Hallie,O'Flannery,61516,67.91,56.35
Galen,Rockcliff,96018,41.93,22.29
Wrennie,Korpolak,27291,49.31,75.94
Wrennie,Hentze,75834,79.72,20.33
Filippa,Byatt,12975,59.66,79.32
Armando,Grigorkin,41797,61.48,92.85
Terry,Greenough,36165,45.15,78.71
Buiron,Marton,15804,77.05,44.1
Nicolea,Marples,21490,56.03,48.56
Paolo,Dabel,19490,93.33,37.58
Ranna,Vondra,32914,77.6,43.14
Kimberlyn,Lowings,49740,44.79,76.31
Else,Willes,84802,26.29,51.41
Thalia,Forber,29610,38.57,97.69
Basile,Franey,97639,32.08,66.61
Orv,Broy,51338,75.13,89.17
Ermentrude,Kerins,23538,97.29,85.46
Ninetta,Newstead,13001,91.5,41.91
Raimundo,Redpath,63133,92.39,37.45
Elfrida,Fegan,61750,28.11,21.16
Colette,Houliston,84616,48.94,90.65
Stacey,Suero,33259,32.93,77.32
Britney,Domnick,94106,26.94,25.79
Kleon,Blasing,52670,15.25,60.91
Sandy,Abrey,68264,46.97,68.69
Shelli,Abdee,72163,95.51,73.08
Hirsch,Motton,52655,20.95,42.73
Cassie,McCarrick,75320,21.53,90.83
Ninnetta,Kinsella,57281,44.79,76.39
Ramona,Pingston,58433,10.86,20.69
Grayce,Rayworth,68923,63.7,75.4
Frans,Dunnan,28248,80.23,32.2
Trey,Ridel,91435,35.31,28.26
Rikki,Tweedlie,33133,22.3,88.34
Mellisa,Kunisch,53735,76.98,22.25
Maximilien,Halloran,40199,87.6,33.96
Inesita,Rabley,86060,93.25,47.02
Sammie,Prentice,27742,60.98,71.52
Constantine,Thoresby,18602,49.51,84.6
Karna,Cattini,10551,36.65,19.04
Hamish,Indruch,11359,98.28,72.95
Amalita,Ewbanks,34228,56.61,23.33
Solomon,Ohlsen,11378,99.49,26.44
Doralynn,Logan,60749,37.79,25.81
Valentijn,Mackney,31989,81.87,33.37
Hadleigh,Domenicone,37382,74.69,42.34
Katinka,Mortlock,11950,51.45,28.03
Fred,Jerisch,12816,79.32,89.39
Kennedy,Mulhall,53115,39.86,67.57
Loralee,Freckingham,59743,55.65,19.64
Jacqueline,Rawet,88450,36.24,40.38
Christalle,Bromidge,33053,53.85,94.06
Helen,Pietzke,56482,47.69,43.82
Napoleon,Sparshatt,10818,86.67,79.59
Marie,Ottosen,95309,37,27.31
Dynah,Lambourne,81640,34.4,74.65
Saba,Wasteney,43648,27.81,46.61
Star,Jowling,34726,69.24,43.96
Arne,Toward,24959,20.53,60.15
Shauna,Matthius,49472,93.23,98.78
Reba,Reddell,68859,60.51,37.27
Mercie,Ramsier,31310,85.99,86.67
Smith,Meegan,89024,87.72,82.3
Westbrooke,Gerrietz,74290,76.53,59.05
Odey,Delahunt,66721,85.27,59.89
Elvis,Roscoe,70485,65.43,34.81
Pattie,Loveard,19466,30.2,55.1
Celia,Keightley,79584,84.77,19.59
Vinson,Pinkerton,13379,54.21,24.91
Neil,Mickan,60772,92.99,83.38
Blisse,Paraman,39746,63.51,57.69
Penni,Kemet,37247,39.43,38.61
Pavel,Zecchi,96826,39.86,66.82
Adel,Lintall,98638,88.88,86.43
Merla,Kenaway,82446,77.89,56.27
Stewart,Southouse,74849,53.95,52.97
Gretna,Dudill,87070,11.21,86.32
Boris,Loram,93603,28.91,60.47
Patrice,Eede,50640,69.66,28.89
Riccardo,Oertzen,16743,75.38,54.55
Alard,Harby,85141,97.75,59.36
Inez,Olyfant,83194,88.91,36.61
Ariela,Bruyntjes,89775,19.21,95.38
Woodman,Mechem,45446,83.23,93.91
Elspeth,Topley,14070,27.22,73.35
Melissa,Toffanini,71366,35.35,94.41
Cherin,Haville,74711,88.61,42.05
Mia,Nation,39160,77.59,92.37
Cleve,Craigie,88148,58.07,56.91
Joannes,Roskelley,99590,80.61,32.04
Jobi,Wombwell,18628,52.99,62.8
Gertrud,Malinowski,53480,20.57,55.84
Brenda,Heape,88124,40.49,95.25
Thurston,Gagie,80600,81.84,70.82
Stinky,Vamplew,40842,20.31,31.74
Faustina,Utley,61793,60.1,91.52
Sawyer,Lansbury,42473,88.23,39.77
Toiboid,Kimblin,76125,73.02,43.44
Frasier,Breddy,94712,13.11,34.12
Jemmie,McCrohon,93548,34.91,81.57
Georgi,Towers,45160,86.81,52.67
Leland,Larking,48458,66.69,62.28
Siffre,Caesmans,68750,86.81,29.94
Ozzie,Purkess,61149,11.44,69.2
Cristi,Gytesham,60728,80.07,60.37
Maryanne,Ellissen,36865,68.3,42.16
Mattias,Corselles,21577,77.77,93.94
Grayce,Denley,19166,63.08,49.2
Madelle,Grumbridge,73157,79.59,66.07
Christye,Skinner,91760,32.4,24.37
Olivette,Frankema,28578,88.83,28.22
Mikel,Rasell,18678,53.71,98.6
Emmett,Piell,23334,63.91,84.12
Becca,Starsmore,22285,68.56,83.84
Pincas,Brimmacombe,82240,87.77,90.61
Eduardo,Olivelli,79282,20.18,28.37
Aland,Asty,15610,83.41,38.48
Binnie,Emptage,61645,15.96,78.7
Karon,Walenta,83593,19.49,42.3
Dag,Pavlovic,14187,12.69,41.17
Donella,Geely,91319,21.2,46.68
Sheila-kathryn,Provis,98990,74.77,56.22
Tiebout,Lewnden,24207,45.42,59.28
Rosalie,Duffy,25469,56.23,27.67
Jamie,Ivens,93284,61.53,93.56
Wilhelm,Vowells,21625,30.77,60.81
Rudiger,Goodbanne,52403,83.24,96.75
Forester,Cosgreave,57690,16.85,31.18
Shina,Blasli,60611,55.88,32.25
Nils,Alston,86899,47.57,61.82
Simonette,Jeske,18590,36.67,36.31
Aila,Barz,16434,81.3,72.72
Claiborn,Ratazzi,21083,96.88,83.59
Tito,Dwyer,88015,88.79,24.57
Brade,Haggarth,45248,35.57,29.13
Peta,Ruddoch,21620,52.25,88.73
Neale,Kupke,26412,51.69,59.16
Rebecca,Arnopp,27419,65.83,70.54
Dionis,Boyall,73206,72.96,75.67
Arney,De L'Isle,35250,21.26,52.05
Laurena,Yeend,63586,60.01,93.32
Lyon,Corder,40834,17.65,87.54
Maxim,Rameau,60785,86.46,94.47
Raviv,Montilla,98179,38.19,26.78
Beilul,Armit,59579,86.87,96.21
Karyl,Demead,52123,84.28,70.45
Kerianne,Gudyer,23606,39.88,85.7
Massimo,McKee,86900,82.67,62.46
Lorraine,MacGaffey,70285,60.14,81.23
Guy,Baglow,90545,17.35,25.07
Ferdinand,Blaskett,82571,42.94,61.41
Hyacinth,Parrot,15997,82.01,74.46
Pattin,Sillito,21662,83.96,65.43
Terrance,Siflet,47986,38.23,77.93
Virgie,Sheara,73977,53.87,47.58
Lek,Janca,91647,94.08,38.26
